timestamp,close
2025-03-23 01:47:54,84144.25
2025-03-23 01:47:59,84144.26
2025-03-23 01:48:04,84144.25
2025-03-23 01:48:10,84144.25
2025-03-23 01:48:15,84144.26
2025-03-23 01:48:21,84144.26
2025-03-23 01:48:26,84144.26
2025-03-23 01:48:32,84144.25
2025-03-23 01:48:37,84144.26
2025-03-23 01:48:42,84144.25
2025-03-23 01:48:48,84144.26
2025-03-23 01:48:53,84144.25
2025-03-23 01:48:59,84144.25
2025-03-23 01:49:04,84144.26
2025-03-23 01:49:10,84144.26
2025-03-23 01:49:15,84144.26
2025-03-23 01:49:21,84144.25
2025-03-23 01:49:26,84144.26
2025-03-23 01:49:32,84144.26
2025-03-23 01:49:37,84144.25
2025-03-23 01:49:43,84144.25
2025-03-23 01:49:48,84144.26
2025-03-23 01:49:54,84144.25
2025-03-23 01:49:59,84144.26
2025-03-23 01:50:05,84144.26
2025-03-23 01:50:10,84144.25
2025-03-23 01:50:16,84144.25
2025-03-23 01:50:21,84144.25
2025-03-23 01:50:26,84144.26
2025-03-23 01:50:32,84144.26
2025-03-23 01:50:37,84144.26
2025-03-23 01:50:43,84144.25
2025-03-23 01:50:48,84144.26
2025-03-23 01:50:54,84144.25
2025-03-23 01:50:59,84144.25
2025-03-23 01:51:05,84144.25
2025-03-23 01:51:10,84144.26
2025-03-23 01:51:16,84144.25
2025-03-23 01:51:21,84144.26
2025-03-23 01:51:27,84144.25
2025-03-23 01:51:32,84144.25
2025-03-23 01:51:38,84144.26
2025-03-23 01:51:43,84144.25
2025-03-23 01:51:49,84144.25
2025-03-23 01:51:54,84144.26
2025-03-23 01:51:59,84144.26
2025-03-23 01:52:05,84144.25
2025-03-23 01:52:10,84144.26
2025-03-23 01:52:16,84144.25
2025-03-23 01:52:23,84144.26
2025-03-23 01:52:28,84144.25
2025-03-23 01:52:34,84144.26
2025-03-23 01:52:39,84144.25
2025-03-23 01:52:44,84144.26
2025-03-23 01:52:50,84144.25
2025-03-23 01:52:55,84144.26
2025-03-23 01:53:01,84144.26
2025-03-23 01:53:06,84144.26
2025-03-23 01:53:11,84144.26
2025-03-23 01:53:17,84144.26
2025-03-23 01:53:22,84144.25
2025-03-23 01:53:28,84144.26
2025-03-23 01:53:33,84144.25
2025-03-23 01:53:39,84154.66
2025-03-23 01:53:44,84154.66
2025-03-23 01:53:50,84154.66
2025-03-23 01:53:55,84154.65
2025-03-23 01:54:01,84154.65
2025-03-23 01:54:07,84154.65
2025-03-23 01:54:12,84154.65
2025-03-23 01:54:17,84154.66
2025-03-23 01:54:23,84154.66
2025-03-23 01:54:28,84154.66
2025-03-23 01:54:34,84154.65
2025-03-23 01:54:39,84154.66
2025-03-23 01:54:45,84154.66
2025-03-23 01:54:50,84154.66
2025-03-23 01:54:56,84154.65
2025-03-23 01:55:01,84154.66
2025-03-23 01:55:07,84154.66
2025-03-23 01:55:14,84154.65
2025-03-23 01:55:19,84154.65
2025-03-23 01:55:24,84159.28
2025-03-23 01:55:33,84165.51
2025-03-23 01:55:40,84166.22
2025-03-23 01:55:56,84168.32
2025-03-23 01:56:01,84176.15
2025-03-23 01:56:07,84176.15
2025-03-23 01:56:12,84176.15
2025-03-23 01:56:17,84176.15
2025-03-23 01:56:23,84176.15
2025-03-23 01:56:29,84176.15
2025-03-23 01:56:34,84176.15
2025-03-23 01:56:39,84176.16
2025-03-23 01:56:45,84176.15
2025-03-23 01:56:51,84176.15
2025-03-23 01:56:56,84176.15
2025-03-23 01:57:02,84164.0
2025-03-23 01:57:07,84164.01
2025-03-23 01:57:13,84164.0
2025-03-23 01:57:18,84164.01
2025-03-23 01:57:24,84164.0
2025-03-23 01:57:29,84164.01
2025-03-23 01:57:36,84164.01
2025-03-23 01:57:42,84164.01
2025-03-23 01:57:47,84164.01
2025-03-23 01:57:53,84164.01
2025-03-23 01:57:58,84164.0
2025-03-23 01:58:04,84164.0
2025-03-23 01:58:09,84164.01
2025-03-23 01:58:15,84164.01
2025-03-23 01:58:21,84164.01
2025-03-23 01:58:27,84164.0
2025-03-23 01:58:33,84164.01
2025-03-23 01:58:39,84164.0
2025-03-23 01:58:45,84164.0
2025-03-23 01:58:51,84164.01
2025-03-23 01:58:57,84164.01
2025-03-23 01:59:03,84164.0
2025-03-23 01:59:09,84164.0
2025-03-23 01:59:15,84164.0
2025-03-23 01:59:21,84164.0
2025-03-23 01:59:27,84164.01
2025-03-23 01:59:32,84164.01
2025-03-23 01:59:38,84164.01
2025-03-23 01:59:44,84164.01
2025-03-23 01:59:50,84164.01
2025-03-23 01:59:56,84164.01
2025-03-23 02:00:02,84164.01
2025-03-23 02:00:08,84167.23
2025-03-23 02:00:15,84172.34
2025-03-23 02:00:21,84172.33
2025-03-23 02:00:27,84172.33
2025-03-23 02:00:33,84172.33
2025-03-23 02:00:38,84172.33
2025-03-23 02:00:44,84172.33
2025-03-23 02:00:49,84172.33
2025-03-23 02:00:55,84172.33
2025-03-23 02:01:00,84172.34
2025-03-23 02:01:05,84172.33
2025-03-23 02:01:11,84169.82
2025-03-23 02:01:16,84169.81
2025-03-23 02:01:22,84169.82
2025-03-23 02:01:27,84169.81
2025-03-23 02:01:33,84169.81
2025-03-23 02:01:38,84169.81
2025-03-23 02:01:44,84169.82
2025-03-23 02:01:49,84169.82
2025-03-23 02:01:55,84169.81
2025-03-23 02:02:00,84169.82
2025-03-23 02:02:06,84169.81
2025-03-23 02:02:11,84169.82
2025-03-23 02:02:16,84169.82
2025-03-23 02:02:21,84191.99
2025-03-23 02:02:27,84192.0
2025-03-23 02:02:32,84191.99
2025-03-23 02:02:37,84192.0
2025-03-23 02:02:42,84192.0
2025-03-23 02:02:47,84191.99
2025-03-23 02:02:52,84191.99
2025-03-23 02:02:58,84191.99
2025-03-23 02:03:03,84191.99
2025-03-23 02:03:08,84192.0
2025-03-23 02:03:14,84192.0
2025-03-23 02:03:19,84191.99
2025-03-23 02:03:25,84191.99
2025-03-23 02:03:30,84191.99
2025-03-23 02:03:35,84191.99
2025-03-23 02:03:41,84191.99
2025-03-23 02:03:47,84192.0
2025-03-23 02:03:52,84191.99
2025-03-23 02:03:58,84191.99
2025-03-23 02:04:04,84191.99
2025-03-23 02:04:10,84192.0
2025-03-23 02:04:15,84192.0
2025-03-23 02:04:21,84192.0
2025-03-23 02:04:26,84191.99
2025-03-23 02:04:32,84191.04
2025-03-23 02:04:37,84191.04
2025-03-23 02:04:43,84191.04
2025-03-23 02:04:48,84186.99
2025-03-23 02:04:54,84186.99
2025-03-23 02:04:59,84186.99
2025-03-23 02:05:05,84186.98
2025-03-23 02:05:10,84186.99
2025-03-23 02:05:16,84186.98
2025-03-23 02:05:21,84186.98
2025-03-23 02:05:27,84186.99
2025-03-23 02:05:32,84186.98
2025-03-23 02:05:37,84186.99
2025-03-23 02:05:43,84186.98
2025-03-23 02:05:48,84186.98
2025-03-23 02:05:54,84191.99
2025-03-23 02:05:59,84191.99
2025-03-23 02:06:06,84192.0
2025-03-23 02:06:13,84191.99
2025-03-23 02:06:19,84191.99
2025-03-23 02:06:25,84192.0
2025-03-23 02:06:31,84199.14
2025-03-23 02:06:36,84199.14
2025-03-23 02:06:41,84199.15
2025-03-23 02:06:46,84199.14
2025-03-23 02:06:52,84199.14
2025-03-23 02:06:57,84199.14
2025-03-23 02:07:03,84199.14
2025-03-23 02:07:08,84199.15
2025-03-23 02:07:14,84199.14
2025-03-23 02:07:19,84199.15
2025-03-23 02:07:25,84199.14
2025-03-23 02:07:30,84199.15
2025-03-23 02:07:36,84199.15
2025-03-23 02:07:41,84199.15
2025-03-23 02:07:47,84199.15
2025-03-23 02:07:52,84199.14
2025-03-23 02:07:58,84199.14
2025-03-23 02:08:03,84199.15
2025-03-23 02:08:09,84199.15
2025-03-23 02:08:14,84199.15
2025-03-23 02:08:19,84199.15
2025-03-23 02:08:25,84199.14
2025-03-23 02:08:30,84173.89
2025-03-23 02:08:36,84173.89
2025-03-23 02:08:41,84173.88
2025-03-23 02:08:47,84173.67
2025-03-23 02:08:52,84173.67
2025-03-23 02:08:58,84173.68
2025-03-23 02:09:03,84169.81
2025-03-23 02:09:10,84164.0
2025-03-23 02:09:16,84164.0
2025-03-23 02:09:21,84164.0
2025-03-23 02:09:26,84164.0
2025-03-23 02:09:32,84164.0
2025-03-23 02:09:37,84156.5
2025-03-23 02:09:43,84156.5
2025-03-23 02:09:48,84156.5
2025-03-23 02:09:54,84156.5
2025-03-23 02:09:59,84156.49
2025-03-23 02:10:05,84156.49
2025-03-23 02:10:10,84156.49
2025-03-23 02:10:16,84156.43
2025-03-23 02:10:21,84156.44
2025-03-23 02:10:26,84156.44
2025-03-23 02:10:32,84156.43
2025-03-23 02:10:37,84156.44
2025-03-23 02:10:43,84156.44
2025-03-23 02:10:48,84156.43
2025-03-23 02:10:54,84156.43
2025-03-23 02:10:59,84156.43
2025-03-23 02:11:05,84156.43
2025-03-23 02:11:11,84156.43
2025-03-23 02:11:16,84156.44
2025-03-23 02:11:21,84156.44
2025-03-23 02:11:28,84156.44
2025-03-23 02:11:34,84156.43
2025-03-23 02:11:39,84156.43
2025-03-23 02:11:45,84156.44
2025-03-23 02:11:50,84156.44
2025-03-23 02:11:56,84156.44
2025-03-23 02:12:01,84156.44
2025-03-23 02:12:07,84156.43
2025-03-23 02:12:12,84156.44
2025-03-23 02:12:17,84156.44
2025-03-23 02:12:23,84156.44
2025-03-23 02:12:28,84156.44
2025-03-23 02:12:33,84156.43
2025-03-23 02:12:38,84156.43
2025-03-23 02:12:43,84156.43
2025-03-23 02:12:50,84156.43
2025-03-23 02:12:55,84156.43
2025-03-23 02:13:00,84156.44
2025-03-23 02:13:06,84156.43
2025-03-23 02:13:11,84156.43
2025-03-23 02:13:17,84156.43
2025-03-23 02:13:22,84156.44
2025-03-23 02:13:28,84156.44
2025-03-23 02:13:33,84156.43
2025-03-23 02:13:39,84156.44
2025-03-23 02:13:44,84156.43
2025-03-23 02:13:50,84156.43
2025-03-23 02:13:55,84156.43
2025-03-23 02:14:01,84156.43
2025-03-23 02:14:06,84156.44
2025-03-23 02:14:12,84156.43
2025-03-23 02:14:18,84156.43
2025-03-23 02:14:24,84156.43
2025-03-23 02:14:29,84156.43
2025-03-23 02:14:35,84156.44
2025-03-23 02:14:40,84156.44
2025-03-23 02:14:46,84156.43
2025-03-23 02:14:51,84156.44
2025-03-23 02:14:57,84156.43
2025-03-23 02:15:02,84156.43
2025-03-23 02:15:08,84156.43
2025-03-23 02:15:13,84156.44
2025-03-23 02:15:19,84156.43
2025-03-23 02:15:25,84156.43
2025-03-23 02:15:30,84156.43
2025-03-23 02:15:36,84156.43
2025-03-23 02:15:41,84156.43
2025-03-23 02:15:47,84156.44
2025-03-23 02:15:52,84156.44
2025-03-23 02:15:58,84156.43
2025-03-23 02:16:03,84156.43
2025-03-23 02:16:09,84156.43
2025-03-23 02:16:14,84156.43
2025-03-23 02:16:20,84156.43
2025-03-23 02:16:25,84156.44
2025-03-23 02:16:31,84156.43
2025-03-23 02:16:36,84156.43
2025-03-23 02:16:42,84130.65
2025-03-23 02:16:47,84130.65
2025-03-23 02:16:52,84130.66
2025-03-23 02:16:58,84130.65
2025-03-23 02:17:03,84140.59
2025-03-23 02:17:09,84124.14
2025-03-23 02:17:14,84122.65
2025-03-23 02:17:20,84122.64
2025-03-23 02:17:25,84122.64
2025-03-23 02:17:31,84122.64
2025-03-23 02:17:36,84122.64
2025-03-23 02:17:42,84122.65
2025-03-23 02:17:47,84122.65
2025-03-23 02:17:53,84122.64
2025-03-23 02:17:58,84122.65
2025-03-23 02:18:04,84122.65
2025-03-23 02:18:09,84122.64
2025-03-23 02:18:15,84122.64
2025-03-23 02:18:20,84122.65
2025-03-23 02:18:26,84122.65
2025-03-23 02:18:31,84122.65
2025-03-23 02:18:37,84122.64
2025-03-23 02:18:42,84122.65
2025-03-23 02:18:48,84122.65
2025-03-23 02:18:53,84122.64
2025-03-23 02:18:59,84122.65
2025-03-23 02:19:04,84122.64
2025-03-23 02:19:10,84122.65
2025-03-23 02:19:15,84122.65
2025-03-23 02:19:21,84122.64
2025-03-23 02:19:26,84122.64
2025-03-23 02:19:32,84122.64
2025-03-23 02:19:38,84122.65
2025-03-23 02:19:43,84122.64
2025-03-23 02:19:49,84122.65
2025-03-23 02:19:54,84122.64
2025-03-23 02:20:00,84122.64
2025-03-23 02:20:05,84122.64
2025-03-23 02:20:11,84122.65
2025-03-23 02:20:16,84122.64
2025-03-23 02:20:22,84122.53
2025-03-23 02:20:27,84118.65
2025-03-23 02:20:33,84118.64
2025-03-23 02:20:38,84118.65
2025-03-23 02:20:44,84116.22
2025-03-23 02:20:49,84116.22
2025-03-23 02:20:55,84116.21
2025-03-23 02:21:00,84116.21
2025-03-23 02:21:06,84116.21
2025-03-23 02:21:11,84116.21
2025-03-23 02:21:17,84116.21
2025-03-23 02:21:22,84116.22
2025-03-23 02:21:28,84116.22
2025-03-23 02:21:33,84059.03
2025-03-23 02:21:39,84059.03
2025-03-23 02:21:44,84059.02
2025-03-23 02:21:50,84061.02
2025-03-23 02:21:55,84063.02
2025-03-23 02:22:01,84067.43
2025-03-23 02:22:06,84076.09
2025-03-23 02:22:12,84081.49
2025-03-23 02:22:17,84081.48
2025-03-23 02:22:22,84084.46
2025-03-23 02:22:28,84084.46
2025-03-23 02:22:34,84084.45
2025-03-23 02:22:39,84084.45
2025-03-23 02:22:44,84084.45
2025-03-23 02:22:50,84084.46
2025-03-23 02:22:55,84084.45
2025-03-23 02:23:01,84084.46
2025-03-23 02:23:06,84084.45
2025-03-23 02:23:11,84084.45
2025-03-23 02:23:17,84084.46
2025-03-23 02:23:22,84084.45
2025-03-23 02:23:27,84084.46
2025-03-23 02:23:32,84084.46
2025-03-23 02:23:38,84084.45
2025-03-23 02:23:43,84084.46
2025-03-23 02:23:48,84084.45
2025-03-23 02:23:53,84084.45
2025-03-23 02:23:59,84084.45
2025-03-23 02:24:04,84084.46
2025-03-23 02:24:11,84084.45
2025-03-23 02:24:17,84084.46
2025-03-23 02:24:23,84084.46
2025-03-23 02:24:29,84084.45
2025-03-23 02:24:36,84084.45
2025-03-23 02:24:42,84084.46
2025-03-23 02:24:49,84084.45
2025-03-23 02:24:55,84084.46
2025-03-23 02:25:01,84084.45
2025-03-23 02:25:07,84066.5
2025-03-23 02:25:13,84063.5
2025-03-23 02:25:18,84059.47
2025-03-23 02:25:24,84059.47
2025-03-23 02:25:29,84059.46
2025-03-23 02:25:35,84059.47
2025-03-23 02:25:40,84059.47
2025-03-23 02:25:46,84059.47
2025-03-23 02:25:51,84059.46
2025-03-23 02:25:57,84059.47
2025-03-23 02:26:02,84059.47
2025-03-23 02:26:08,84058.99
2025-03-23 02:26:13,84058.98
2025-03-23 02:26:19,84055.27
2025-03-23 02:26:24,84055.27
2025-03-23 02:26:30,84039.45
2025-03-23 02:26:35,84039.46
2025-03-23 02:26:40,84039.46
2025-03-23 02:26:46,84039.45
2025-03-23 02:26:51,84037.06
2025-03-23 02:26:57,84034.88
2025-03-23 02:27:02,84034.87
2025-03-23 02:27:08,84034.88
2025-03-23 02:27:15,84034.87
2025-03-23 02:27:20,84034.87
2025-03-23 02:27:26,84003.78
2025-03-23 02:27:32,84003.78
2025-03-23 02:27:37,83999.0
2025-03-23 02:27:42,83999.01
2025-03-23 02:27:48,83999.0
2025-03-23 02:27:53,83999.0
2025-03-23 02:27:59,83999.01
2025-03-23 02:28:04,83999.0
2025-03-23 02:28:10,83988.82
2025-03-23 02:28:15,83987.14
2025-03-23 02:28:22,83973.29
2025-03-23 02:28:28,83968.02
2025-03-23 02:28:34,83968.01
2025-03-23 02:28:41,83971.32
2025-03-23 02:28:47,83975.72
2025-03-23 02:28:54,83975.73
2025-03-23 02:29:00,83995.87
2025-03-23 02:29:07,83995.88
2025-03-23 02:29:13,83972.06
2025-03-23 02:29:19,83950.66
2025-03-23 02:29:25,83950.0
2025-03-23 02:29:31,83950.01
2025-03-23 02:29:37,83950.67
2025-03-23 02:29:42,83950.66
2025-03-23 02:29:48,83950.66
2025-03-23 02:29:54,83944.7
2025-03-23 02:29:59,83944.7
2025-03-23 02:30:04,83934.11
2025-03-23 02:30:10,83924.47
2025-03-23 02:30:15,83893.64
2025-03-23 02:30:21,83893.64
2025-03-23 02:30:26,83892.92
2025-03-23 02:30:32,83889.85
2025-03-23 02:30:37,83909.55
2025-03-23 02:30:42,83909.55
2025-03-23 02:30:48,83909.54
2025-03-23 02:30:53,83909.54
2025-03-23 02:30:59,83909.55
2025-03-23 02:31:04,83909.55
2025-03-23 02:31:10,83909.55
2025-03-23 02:31:15,83901.11
2025-03-23 02:31:20,83901.11
2025-03-23 02:31:26,83901.1
2025-03-23 02:31:31,83901.11
2025-03-23 02:31:37,83901.1
2025-03-23 02:31:42,83903.96
2025-03-23 02:31:47,83903.96
2025-03-23 02:31:53,83903.96
2025-03-23 02:31:59,83903.96
2025-03-23 02:32:04,83889.27
2025-03-23 02:32:09,83889.13
2025-03-23 02:32:15,83889.13
2025-03-23 02:32:20,83889.13
2025-03-23 02:32:26,83889.12
2025-03-23 02:32:31,83889.13
2025-03-23 02:32:37,83889.12
2025-03-23 02:32:42,83889.12
2025-03-23 02:32:48,83889.13
2025-03-23 02:32:53,83889.13
2025-03-23 02:32:59,83889.13
2025-03-23 02:33:04,83887.0
2025-03-23 02:33:11,83841.41
2025-03-23 02:33:17,83871.46
2025-03-23 02:33:22,83889.13
2025-03-23 02:33:27,83870.01
2025-03-23 02:33:33,83866.32
2025-03-23 02:33:38,83866.32
2025-03-23 02:33:44,83861.49
2025-03-23 02:33:49,83879.3
2025-03-23 02:33:55,83879.29
2025-03-23 02:34:00,83879.3
2025-03-23 02:34:06,83882.72
2025-03-23 02:34:11,83895.64
2025-03-23 02:34:17,83900.0
2025-03-23 02:34:22,83901.18
2025-03-23 02:34:28,83911.87
2025-03-23 02:34:33,83913.05
2025-03-23 02:34:40,83921.72
2025-03-23 02:34:45,83930.0
2025-03-23 02:34:51,83930.0
2025-03-23 02:34:56,83930.0
2025-03-23 02:35:02,83917.7
2025-03-23 02:35:07,83915.22
2025-03-23 02:35:13,83915.22
2025-03-23 02:35:18,83915.23
2025-03-23 02:35:24,83915.22
2025-03-23 02:35:29,83895.08
2025-03-23 02:35:35,83905.5
2025-03-23 02:35:40,83908.16
2025-03-23 02:35:45,83910.42
2025-03-23 02:35:51,83920.0
2025-03-23 02:35:56,83919.99
2025-03-23 02:36:03,83920.0
2025-03-23 02:36:09,83920.0
2025-03-23 02:36:14,83919.99
2025-03-23 02:36:20,83937.14
2025-03-23 02:36:25,83940.03
2025-03-23 02:36:31,83940.03
2025-03-23 02:36:36,83929.86
2025-03-23 02:36:42,83929.77
2025-03-23 02:36:47,83929.76
2025-03-23 02:36:53,83929.76
2025-03-23 02:36:58,83929.77
2025-03-23 02:37:04,83929.76
2025-03-23 02:37:09,83929.77
2025-03-23 02:37:14,83934.08
2025-03-23 02:37:20,83934.09
2025-03-23 02:37:25,83934.09
2025-03-23 02:37:31,83934.08
2025-03-23 02:37:36,83934.08
2025-03-23 02:37:43,83945.99
2025-03-23 02:37:49,83949.99
2025-03-23 02:37:54,83960.0
2025-03-23 02:38:00,83960.0
2025-03-23 02:38:05,83960.0
2025-03-23 02:38:11,83963.43
2025-03-23 02:38:16,83963.43
2025-03-23 02:38:22,83963.44
2025-03-23 02:38:27,83963.44
2025-03-23 02:38:33,83963.44
2025-03-23 02:38:38,83963.43
2025-03-23 02:38:44,83963.43
2025-03-23 02:38:49,83963.43
2025-03-23 02:38:55,83978.04
2025-03-23 02:39:00,83978.05
2025-03-23 02:39:06,83978.05
2025-03-23 02:39:11,83978.26
2025-03-23 02:39:17,83980.0
2025-03-23 02:39:22,83980.0
2025-03-23 02:39:28,83981.14
2025-03-23 02:39:33,83981.14
2025-03-23 02:39:39,83981.14
2025-03-23 02:39:44,83981.13
2025-03-23 02:39:50,83981.14
2025-03-23 02:39:56,83981.13
2025-03-23 02:40:01,83981.13
2025-03-23 02:40:07,83981.13
2025-03-23 02:40:12,83981.14
2025-03-23 02:40:17,83981.14
2025-03-23 02:40:23,83981.13
2025-03-23 02:40:28,83981.14
2025-03-23 02:40:34,83981.14
2025-03-23 02:40:40,83981.14
2025-03-23 02:40:45,83981.14
2025-03-23 02:40:51,83981.14
2025-03-23 02:40:56,83981.13
2025-03-23 02:41:02,83981.14
2025-03-23 02:41:07,83981.14
2025-03-23 02:41:13,84040.0
2025-03-23 02:41:18,84038.6
2025-03-23 02:41:24,84047.98
2025-03-23 02:41:29,84059.12
2025-03-23 02:41:35,84059.12
2025-03-23 02:41:40,84059.13
2025-03-23 02:41:46,84046.15
2025-03-23 02:41:51,84072.0
2025-03-23 02:41:57,84072.0
2025-03-23 02:42:02,84057.23
2025-03-23 02:42:08,84042.56
2025-03-23 02:42:13,84042.57
2025-03-23 02:42:19,84047.32
2025-03-23 02:42:24,84047.32
2025-03-23 02:42:30,84047.32
2025-03-23 02:42:35,84047.32
2025-03-23 02:42:41,84047.33
2025-03-23 02:42:46,84047.33
2025-03-23 02:42:52,84067.71
2025-03-23 02:42:58,84067.71
2025-03-23 02:43:03,84067.7
2025-03-23 02:43:09,84067.7
2025-03-23 02:43:14,84067.71
2025-03-23 02:43:20,84067.7
2025-03-23 02:43:25,84067.71
2025-03-23 02:43:31,84067.7
2025-03-23 02:43:36,84067.7
2025-03-23 02:43:43,84067.71
2025-03-23 02:43:49,84064.9
2025-03-23 02:43:54,84064.9
2025-03-23 02:43:59,84064.89
2025-03-23 02:44:05,84064.9
2025-03-23 02:44:10,84075.48
2025-03-23 02:44:15,84077.6
2025-03-23 02:44:21,84077.61
2025-03-23 02:44:26,84083.73
2025-03-23 02:44:31,84083.73
2025-03-23 02:44:36,84083.73
2025-03-23 02:44:41,84078.9
2025-03-23 02:44:47,84078.91
2025-03-23 02:44:52,84078.91
2025-03-23 02:44:57,84078.86
2025-03-23 02:45:02,84067.56
2025-03-23 02:45:08,84067.56
2025-03-23 02:45:13,84067.56
2025-03-23 02:45:19,84067.55
2025-03-23 02:45:24,84067.56
2025-03-23 02:45:30,84067.56
2025-03-23 02:45:35,84067.55
2025-03-23 02:45:41,84067.56
2025-03-23 02:45:46,84067.56
2025-03-23 02:45:51,84067.56
2025-03-23 02:45:57,84067.56
2025-03-23 02:46:02,84067.55
2025-03-23 02:46:08,84057.92
2025-03-23 02:46:13,84057.86
2025-03-23 02:46:19,84057.86
2025-03-23 02:46:24,84057.86
2025-03-23 02:46:30,84057.86
2025-03-23 02:46:35,84076.09
2025-03-23 02:46:40,84087.21
2025-03-23 02:46:46,84087.22
2025-03-23 02:46:51,84087.22
2025-03-23 02:46:57,84067.55
2025-03-23 02:47:02,84059.81
2025-03-23 02:47:08,84059.82
2025-03-23 02:47:13,84058.11
2025-03-23 02:47:19,84058.1
2025-03-23 02:47:24,84057.89
2025-03-23 02:47:30,84057.88
2025-03-23 02:47:35,84057.8
2025-03-23 02:47:41,84050.0
2025-03-23 02:47:46,84050.0
2025-03-23 02:47:51,84050.0
2025-03-23 02:47:57,84050.01
2025-03-23 02:48:04,84050.0
2025-03-23 02:48:09,84050.01
2025-03-23 02:48:15,84050.0
2025-03-23 02:48:20,84050.0
2025-03-23 02:48:29,84050.0
2025-03-23 02:48:35,84050.01
2025-03-23 02:48:40,84050.0
2025-03-23 02:48:46,84050.01
2025-03-23 02:48:51,84050.0
2025-03-23 02:48:57,84050.0
2025-03-23 02:49:02,84050.01
2025-03-23 02:49:08,84050.0
2025-03-23 02:49:13,84050.01
2025-03-23 02:49:19,84050.0
2025-03-23 02:49:24,84046.0
2025-03-23 02:49:29,84046.0
2025-03-23 02:49:35,84046.0
2025-03-23 02:49:40,84046.01
2025-03-23 02:49:46,84046.01
2025-03-23 02:49:51,84046.0
2025-03-23 02:49:57,84046.0
2025-03-23 02:50:02,84046.01
2025-03-23 02:50:08,84046.0
2025-03-23 02:50:13,84046.01
2025-03-23 02:50:19,84046.0
2025-03-23 02:50:24,84046.0
2025-03-23 02:50:30,84046.01
2025-03-23 02:50:35,84046.0
2025-03-23 02:50:40,84046.0
2025-03-23 02:50:46,84045.26
2025-03-23 02:50:51,84043.92
2025-03-23 02:50:57,84043.92
2025-03-23 02:51:02,84043.47
2025-03-23 02:51:08,84043.47
2025-03-23 02:51:13,84043.48
2025-03-23 02:51:19,84043.47
2025-03-23 02:51:25,84043.48
2025-03-23 02:51:31,84043.47
2025-03-23 02:51:36,84043.48
2025-03-23 02:51:42,84043.48
2025-03-23 02:51:47,84043.47
2025-03-23 02:51:53,84043.48
2025-03-23 02:51:59,84043.48
2025-03-23 02:52:04,84043.47
2025-03-23 02:52:09,84042.25
2025-03-23 02:52:15,84042.26
2025-03-23 02:52:20,84042.26
2025-03-23 02:52:26,84042.26
2025-03-23 02:52:31,84042.25
2025-03-23 02:52:37,84042.25
2025-03-23 02:52:42,84042.26
2025-03-23 02:52:48,84042.25
2025-03-23 02:52:53,84042.25
2025-03-23 02:52:59,84042.26
2025-03-23 02:53:04,84042.25
2025-03-23 02:53:10,84042.25
2025-03-23 02:53:15,84042.25
2025-03-23 02:53:21,84042.25
2025-03-23 02:53:27,84042.25
2025-03-23 02:53:32,84042.25
2025-03-23 02:53:38,84042.26
2025-03-23 02:53:43,84042.25
2025-03-23 02:53:49,84042.25
2025-03-23 02:53:55,84042.26
2025-03-23 02:54:00,84042.25
2025-03-23 02:54:06,84042.25
2025-03-23 02:54:11,84042.26
2025-03-23 02:54:16,84042.26
2025-03-23 02:54:21,84033.48
2025-03-23 02:54:27,84028.3
2025-03-23 02:54:32,84026.91
2025-03-23 02:54:38,84024.58
2025-03-23 02:54:43,84024.57
2025-03-23 02:54:49,84024.57
2025-03-23 02:54:54,84024.58
2025-03-23 02:55:01,84024.57
2025-03-23 02:55:07,84024.57
2025-03-23 02:55:13,84024.57
2025-03-23 02:55:19,84024.58
2025-03-23 02:55:25,84024.57
2025-03-23 02:55:32,84024.57
2025-03-23 02:55:38,84024.58
2025-03-23 02:55:43,84024.58
2025-03-23 02:55:49,84024.57
2025-03-23 02:55:54,84024.58
2025-03-23 02:56:00,84024.57
2025-03-23 02:56:05,84024.57
2025-03-23 02:56:12,84024.57
2025-03-23 02:56:18,84024.58
2025-03-23 02:56:23,84024.58
2025-03-23 02:56:28,84024.58
2025-03-23 02:56:34,84024.58
2025-03-23 02:56:39,84024.57
2025-03-23 02:56:45,84024.57
2025-03-23 02:56:50,84024.57
2025-03-23 02:56:56,84024.57
2025-03-23 02:57:01,84024.57
2025-03-23 02:57:07,84024.58
2025-03-23 02:57:12,84024.58
2025-03-23 02:57:18,84024.58
2025-03-23 02:57:23,84024.57
2025-03-23 02:57:29,84024.58
2025-03-23 02:57:34,84024.57
2025-03-23 02:57:39,84024.57
2025-03-23 02:57:46,84024.57
2025-03-23 02:57:52,84024.57
2025-03-23 02:57:57,84024.57
2025-03-23 02:58:03,84024.58
2025-03-23 02:58:08,84024.57
2025-03-23 02:58:14,84024.57
2025-03-23 02:58:19,84024.58
2025-03-23 02:58:24,84024.57
2025-03-23 02:58:30,84024.58
2025-03-23 02:58:35,84024.57
2025-03-23 02:58:41,84027.59
2025-03-23 02:58:46,84028.34
2025-03-23 02:58:52,84028.35
2025-03-23 02:58:57,84028.36
2025-03-23 02:59:02,84028.35
2025-03-23 02:59:08,84028.36
2025-03-23 02:59:13,84028.36
2025-03-23 02:59:19,84028.35
2025-03-23 02:59:24,84028.36
2025-03-23 02:59:30,84028.35
2025-03-23 02:59:35,84028.35
2025-03-23 02:59:40,84028.36
2025-03-23 02:59:46,84034.53
2025-03-23 02:59:52,84034.53
2025-03-23 02:59:58,84034.53
2025-03-23 03:00:03,84034.53
2025-03-23 03:00:09,84034.53
2025-03-23 03:00:14,84034.53
2025-03-23 03:00:20,84034.52
2025-03-23 03:00:26,84034.52
2025-03-23 03:00:32,84034.52
2025-03-23 03:00:37,84034.53
2025-03-23 03:00:43,84034.53
2025-03-23 03:00:50,84034.67
2025-03-23 03:00:55,84034.67
2025-03-23 03:01:00,84034.68
2025-03-23 03:01:06,84034.67
2025-03-23 03:01:11,84034.67
2025-03-23 03:01:17,84042.26
2025-03-23 03:01:22,84042.26
2025-03-23 03:01:28,84042.25
2025-03-23 03:01:33,84042.25
2025-03-23 03:01:39,84043.48
2025-03-23 03:01:44,84043.47
2025-03-23 03:01:50,84043.47
2025-03-23 03:01:55,84043.47
2025-03-23 03:02:01,84043.47
2025-03-23 03:02:06,84043.48
2025-03-23 03:02:12,84043.47
2025-03-23 03:02:17,84043.48
2025-03-23 03:02:23,84043.47
2025-03-23 03:02:28,84043.48
2025-03-23 03:02:34,84043.47
2025-03-23 03:02:39,84043.48
2025-03-23 03:02:45,84043.47
2025-03-23 03:02:50,84043.48
2025-03-23 03:02:56,84043.48
2025-03-23 03:03:01,84043.48
2025-03-23 03:03:07,84043.48
2025-03-23 03:03:12,84043.48
2025-03-23 03:03:18,84043.48
2025-03-23 03:03:23,84043.48
2025-03-23 03:03:29,84043.48
2025-03-23 03:03:34,84043.48
2025-03-23 03:03:40,84043.47
2025-03-23 03:03:45,84043.47
2025-03-23 03:03:50,84043.47
2025-03-23 03:03:56,84043.47
2025-03-23 03:04:01,84043.48
2025-03-23 03:04:07,84043.48
2025-03-23 03:04:12,84043.47
2025-03-23 03:04:18,84043.47
2025-03-23 03:04:23,84043.48
2025-03-23 03:04:28,84043.47
2025-03-23 03:04:34,84043.47
2025-03-23 03:04:40,84043.47
2025-03-23 03:04:45,84043.47
2025-03-23 03:04:50,84043.48
2025-03-23 03:04:56,84043.47
2025-03-23 03:05:01,84043.48
2025-03-23 03:05:07,84043.47
2025-03-23 03:05:12,84043.47
2025-03-23 03:05:18,84043.48
2025-03-23 03:05:23,84043.47
2025-03-23 03:05:29,84043.47
2025-03-23 03:05:34,84043.48
2025-03-23 03:05:39,84043.48
2025-03-23 03:05:45,84043.47
2025-03-23 03:05:51,84043.48
2025-03-23 03:05:56,84043.47
2025-03-23 03:06:02,84043.48
2025-03-23 03:06:07,84043.48
2025-03-23 03:06:12,84043.48
2025-03-23 03:06:18,84043.47
2025-03-23 03:06:23,84043.47
2025-03-23 03:06:29,84043.47
2025-03-23 03:06:34,84043.47
2025-03-23 03:06:40,84043.47
2025-03-23 03:06:45,84019.09
2025-03-23 03:06:51,84010.86
2025-03-23 03:06:56,84010.87
2025-03-23 03:07:01,84007.36
2025-03-23 03:07:07,84007.36
2025-03-23 03:07:12,84001.87
2025-03-23 03:07:18,84001.87
2025-03-23 03:07:23,84001.88
2025-03-23 03:07:29,84001.87
2025-03-23 03:07:34,84001.88
2025-03-23 03:07:40,84001.87
2025-03-23 03:07:45,84000.01
2025-03-23 03:07:51,84000.0
2025-03-23 03:07:56,84000.0
2025-03-23 03:08:02,84000.0
2025-03-23 03:08:07,84000.01
2025-03-23 03:08:13,84000.0
2025-03-23 03:08:18,84000.01
2025-03-23 03:08:23,84000.0
2025-03-23 03:08:29,83998.47
2025-03-23 03:08:36,83992.08
2025-03-23 03:08:41,83992.08
2025-03-23 03:08:47,83992.08
2025-03-23 03:08:54,83989.38
2025-03-23 03:08:59,83989.39
2025-03-23 03:09:05,83986.36
2025-03-23 03:09:12,83986.36
2025-03-23 03:09:17,83986.37
2025-03-23 03:09:23,83986.36
2025-03-23 03:09:28,83986.37
2025-03-23 03:09:34,83986.36
2025-03-23 03:09:39,83986.37
2025-03-23 03:09:45,83986.37
2025-03-23 03:09:50,83986.37
2025-03-23 03:09:55,83986.37
2025-03-23 03:10:01,83970.03
2025-03-23 03:10:06,83970.02
2025-03-23 03:10:13,83968.25
2025-03-23 03:10:19,83968.25
2025-03-23 03:10:24,83968.25
2025-03-23 03:10:29,83968.25
2025-03-23 03:10:35,83968.25
2025-03-23 03:10:40,83968.25
2025-03-23 03:10:46,83968.26
2025-03-23 03:10:51,83968.25
2025-03-23 03:10:57,83968.25
2025-03-23 03:11:02,83968.25
2025-03-23 03:11:08,83968.26
2025-03-23 03:11:13,83968.26
2025-03-23 03:11:19,83968.25
2025-03-23 03:11:24,83968.25
2025-03-23 03:11:29,83968.25
2025-03-23 03:11:35,83968.26
2025-03-23 03:11:40,83968.25
2025-03-23 03:11:46,83968.26
2025-03-23 03:11:51,83968.25
2025-03-23 03:11:57,83968.25
2025-03-23 03:12:02,83968.25
2025-03-23 03:12:08,83968.25
2025-03-23 03:12:13,83968.25
2025-03-23 03:12:19,83968.26
2025-03-23 03:12:24,83968.25
2025-03-23 03:12:30,83968.25
2025-03-23 03:12:35,83968.25
2025-03-23 03:12:41,83968.25
2025-03-23 03:12:46,83968.25
2025-03-23 03:12:52,83968.25
2025-03-23 03:12:58,83968.25
2025-03-23 03:13:03,83968.25
2025-03-23 03:13:09,83968.25
2025-03-23 03:13:14,83968.25
2025-03-23 03:13:20,83968.26
2025-03-23 03:13:26,83968.25
2025-03-23 03:13:31,83968.25
2025-03-23 03:13:37,83968.25
2025-03-23 03:13:42,83968.25
2025-03-23 03:13:48,83968.25
2025-03-23 03:13:53,83968.25
2025-03-23 03:13:59,83968.25
2025-03-23 03:14:04,83968.25
2025-03-23 03:14:10,83968.25
2025-03-23 03:14:15,83968.25
2025-03-23 03:14:21,83968.26
2025-03-23 03:14:26,83968.25
2025-03-23 03:14:32,83968.26
2025-03-23 03:14:37,83968.25
2025-03-23 03:14:43,83968.25
2025-03-23 03:14:49,83968.25
2025-03-23 03:14:54,83968.26
2025-03-23 03:15:00,83968.26
2025-03-23 03:15:05,83968.26
2025-03-23 03:15:11,83968.25
2025-03-23 03:15:16,83968.25
2025-03-23 03:15:22,83968.25
2025-03-23 03:15:27,83968.25
2025-03-23 03:15:33,83968.25
2025-03-23 03:15:38,83968.26
2025-03-23 03:15:44,83968.26
2025-03-23 03:15:49,83968.25
2025-03-23 03:15:55,83974.85
2025-03-23 03:16:00,83974.84
2025-03-23 03:16:06,83979.27
2025-03-23 03:16:11,83981.92
2025-03-23 03:16:17,83985.02
2025-03-23 03:16:22,84024.41
2025-03-23 03:16:28,84028.3
2025-03-23 03:16:33,84040.42
2025-03-23 03:16:39,84051.91
2025-03-23 03:16:45,84056.81
2025-03-23 03:16:50,84056.81
2025-03-23 03:16:55,84056.82
2025-03-23 03:17:01,84056.82
2025-03-23 03:17:06,84056.82
2025-03-23 03:17:12,84056.81
2025-03-23 03:17:17,84056.81
2025-03-23 03:17:23,84056.82
2025-03-23 03:17:29,84056.82
2025-03-23 03:17:34,84025.58
2025-03-23 03:17:40,84025.57
2025-03-23 03:17:45,84025.58
2025-03-23 03:17:51,84025.58
2025-03-23 03:17:56,84025.57
2025-03-23 03:18:02,84025.57
2025-03-23 03:18:07,84025.57
2025-03-23 03:18:13,84025.58
2025-03-23 03:18:19,84025.58
2025-03-23 03:18:24,84025.58
2025-03-23 03:18:29,84025.57
2025-03-23 03:18:35,84025.57
2025-03-23 03:18:40,84025.57
2025-03-23 03:18:46,84025.58
2025-03-23 03:18:51,84025.58
2025-03-23 03:18:57,84025.58
2025-03-23 03:19:04,84025.57
2025-03-23 03:19:09,84025.58
2025-03-23 03:19:14,84025.57
2025-03-23 03:19:20,84025.57
2025-03-23 03:19:25,84025.57
2025-03-23 03:19:31,84025.58
2025-03-23 03:19:36,84025.57
2025-03-23 03:19:42,84025.57
2025-03-23 03:19:47,84025.57
2025-03-23 03:19:53,84025.57
2025-03-23 03:19:58,84025.57
2025-03-23 03:20:05,84002.6
2025-03-23 03:20:10,84024.31
2025-03-23 03:20:16,84024.95
2025-03-23 03:20:21,84024.95
2025-03-23 03:20:27,84024.95
2025-03-23 03:20:32,84024.96
2025-03-23 03:20:38,84024.97
2025-03-23 03:20:43,84024.96
2025-03-23 03:20:49,84024.96
2025-03-23 03:20:54,84024.96
2025-03-23 03:21:00,84024.97
2025-03-23 03:21:05,84024.97
2025-03-23 03:21:10,84032.29
2025-03-23 03:21:16,84032.3
2025-03-23 03:21:21,84032.29
2025-03-23 03:21:27,84037.52
2025-03-23 03:21:32,84037.53
2025-03-23 03:21:38,84037.52
2025-03-23 03:21:43,84043.47
2025-03-23 03:21:49,84043.47
2025-03-23 03:21:54,84043.48
2025-03-23 03:21:59,84043.48
2025-03-23 03:22:05,84043.47
2025-03-23 03:22:11,84049.32
2025-03-23 03:22:16,84049.32
2025-03-23 03:22:21,84049.32
2025-03-23 03:22:27,84049.31
2025-03-23 03:22:32,84049.31
2025-03-23 03:22:38,84049.31
2025-03-23 03:22:43,84049.31
2025-03-23 03:22:49,84049.32
2025-03-23 03:22:57,84049.32
2025-03-23 03:23:03,84049.32
2025-03-23 03:23:08,84049.32
2025-03-23 03:23:14,84049.32
2025-03-23 03:23:19,84049.31
2025-03-23 03:23:25,84049.31
2025-03-23 03:23:30,84049.31
2025-03-23 03:23:35,84049.31
2025-03-23 03:23:41,84049.31
2025-03-23 03:23:46,84049.31
2025-03-23 03:23:52,84062.78
2025-03-23 03:23:57,84062.78
2025-03-23 03:24:03,84062.79
2025-03-23 03:24:08,84062.79
2025-03-23 03:24:14,84036.03
2025-03-23 03:24:19,84005.91
2025-03-23 03:24:25,84009.13
2025-03-23 03:24:30,84009.12
2025-03-23 03:24:36,84010.51
2025-03-23 03:24:41,84010.5
2025-03-23 03:24:46,84010.5
2025-03-23 03:24:52,84010.5
2025-03-23 03:24:58,83993.38
2025-03-23 03:25:03,83993.39
2025-03-23 03:25:08,83993.39
2025-03-23 03:25:14,83990.01
2025-03-23 03:25:19,83996.26
2025-03-23 03:25:25,83996.26
2025-03-23 03:25:30,83998.65
2025-03-23 03:25:36,83998.65
2025-03-23 03:25:41,83998.65
2025-03-23 03:25:47,84010.4
2025-03-23 03:25:52,84010.51
2025-03-23 03:26:00,84010.86
2025-03-23 03:26:05,84010.86
2025-03-23 03:26:12,84010.87
2025-03-23 03:26:20,84015.3
2025-03-23 03:26:26,84015.29
2025-03-23 03:26:31,84015.3
2025-03-23 03:26:37,84015.29
2025-03-23 03:26:43,84015.3
2025-03-23 03:26:49,84015.3
2025-03-23 03:26:55,84015.3
2025-03-23 03:27:01,84015.29
2025-03-23 03:27:07,84028.73
2025-03-23 03:27:13,84031.28
2025-03-23 03:27:19,84031.5
2025-03-23 03:27:25,84036.09
2025-03-23 03:27:30,84036.09
2025-03-23 03:27:35,84036.09
2025-03-23 03:27:41,84036.09
2025-03-23 03:27:46,84036.09
2025-03-23 03:27:52,84037.96
2025-03-23 03:27:57,84037.97
2025-03-23 03:28:03,84037.97
2025-03-23 03:28:08,84037.97
2025-03-23 03:28:14,84037.97
2025-03-23 03:28:19,84037.97
2025-03-23 03:28:25,84037.96
2025-03-23 03:28:31,84037.96
2025-03-23 03:28:37,84037.96
2025-03-23 03:28:43,84031.88
2025-03-23 03:28:49,84013.82
2025-03-23 03:28:54,84007.63
2025-03-23 03:29:00,83991.52
2025-03-23 03:29:06,83991.47
2025-03-23 03:29:12,83996.37
2025-03-23 03:29:18,83996.36
2025-03-23 03:29:24,83996.37
2025-03-23 03:29:30,83999.85
2025-03-23 03:29:35,84008.84
2025-03-23 03:29:41,84009.04
2025-03-23 03:29:46,84009.04
2025-03-23 03:29:52,84010.87
2025-03-23 03:29:58,84010.87
2025-03-23 03:30:03,84010.87
2025-03-23 03:30:08,84010.87
2025-03-23 03:30:14,84017.16
2025-03-23 03:30:19,84025.26
2025-03-23 03:30:25,84031.3
2025-03-23 03:30:30,84016.81
2025-03-23 03:30:36,84016.82
2025-03-23 03:30:41,84016.81
2025-03-23 03:30:47,84016.82
2025-03-23 03:30:52,84016.82
2025-03-23 03:30:58,84016.81
2025-03-23 03:31:03,84034.0
2025-03-23 03:31:09,84034.0
2025-03-23 03:31:14,84035.59
2025-03-23 03:31:21,84036.0
2025-03-23 03:31:26,84037.71
2025-03-23 03:31:32,84037.8
2025-03-23 03:31:37,84037.96
2025-03-23 03:31:43,84037.96
2025-03-23 03:31:50,84041.03
2025-03-23 03:31:55,84041.04
2025-03-23 03:32:01,84041.03
2025-03-23 03:32:06,84041.03
2025-03-23 03:32:12,84041.04
2025-03-23 03:32:17,84018.79
2025-03-23 03:32:23,83994.72
2025-03-23 03:32:28,83998.48
2025-03-23 03:32:33,83994.0
2025-03-23 03:32:40,83994.01
2025-03-23 03:32:46,83993.03
2025-03-23 03:32:52,83993.02
2025-03-23 03:32:59,83986.93
2025-03-23 03:33:05,83988.87
2025-03-23 03:33:10,83990.05
2025-03-23 03:33:16,83990.06
2025-03-23 03:33:21,83985.2
2025-03-23 03:33:27,83987.42
2025-03-23 03:33:32,83987.42
2025-03-23 03:33:38,83987.42
2025-03-23 03:33:43,83984.0
2025-03-23 03:33:48,83984.01
2025-03-23 03:33:54,83984.0
2025-03-23 03:33:59,83987.42
2025-03-23 03:34:05,83999.99
2025-03-23 03:34:10,84010.87
2025-03-23 03:34:16,84010.87
2025-03-23 03:34:21,84010.87
2025-03-23 03:34:27,84007.41
2025-03-23 03:34:32,84007.41
2025-03-23 03:34:39,84012.04
2025-03-23 03:34:45,83994.82
2025-03-23 03:34:50,83978.27
2025-03-23 03:34:56,83986.01
2025-03-23 03:35:01,83986.02
2025-03-23 03:35:06,84002.18
2025-03-23 03:35:13,84010.79
2025-03-23 03:35:19,84010.79
2025-03-23 03:35:24,84010.79
2025-03-23 03:35:30,84010.8
2025-03-23 03:35:35,84010.8
2025-03-23 03:35:41,84008.41
2025-03-23 03:35:46,84007.16
2025-03-23 03:35:52,83996.7
2025-03-23 03:35:58,83996.7
2025-03-23 03:36:03,84007.16
2025-03-23 03:36:08,84003.03
2025-03-23 03:36:14,84003.03
2025-03-23 03:36:19,84007.01
2025-03-23 03:36:25,84010.86
2025-03-23 03:36:30,84010.87
2025-03-23 03:36:36,84010.87
2025-03-23 03:36:41,84010.87
2025-03-23 03:36:47,84015.09
2025-03-23 03:36:52,84015.09
2025-03-23 03:36:58,84015.09
2025-03-23 03:37:03,84015.09
2025-03-23 03:37:09,84015.09
2025-03-23 03:37:14,84019.29
2025-03-23 03:37:20,84039.98
2025-03-23 03:37:25,84030.46
2025-03-23 03:37:30,84015.11
2025-03-23 03:37:36,84009.83
2025-03-23 03:37:41,84002.93
2025-03-23 03:37:47,84002.93
2025-03-23 03:37:52,84007.99
2025-03-23 03:37:58,84007.99
2025-03-23 03:38:03,84007.99
2025-03-23 03:38:08,84010.87
2025-03-23 03:38:14,84010.86
2025-03-23 03:38:19,84010.86
2025-03-23 03:38:25,84010.86
2025-03-23 03:38:30,84010.86
2025-03-23 03:38:36,84021.13
2025-03-23 03:38:41,84021.13
2025-03-23 03:38:47,84021.14
2025-03-23 03:38:52,84027.86
2025-03-23 03:38:58,84027.86
2025-03-23 03:39:03,84028.0
2025-03-23 03:39:09,84028.0
2025-03-23 03:39:14,84028.01
2025-03-23 03:39:20,84033.76
2025-03-23 03:39:25,84033.76
2025-03-23 03:39:30,84033.76
2025-03-23 03:39:36,84033.76
2025-03-23 03:39:41,84028.46
2025-03-23 03:39:47,84028.47
2025-03-23 03:39:52,84028.46
2025-03-23 03:39:58,84028.46
2025-03-23 03:40:03,84028.46
2025-03-23 03:40:08,84028.47
2025-03-23 03:40:14,84028.46
2025-03-23 03:40:19,84028.47
2025-03-23 03:40:25,84028.46
2025-03-23 03:40:30,84028.47
2025-03-23 03:40:36,84028.46
2025-03-23 03:40:41,84028.47
2025-03-23 03:40:47,84028.46
2025-03-23 03:40:52,84028.47
2025-03-23 03:40:58,84028.46
2025-03-23 03:41:03,84028.47
2025-03-23 03:41:08,84028.47
2025-03-23 03:41:14,84028.47
2025-03-23 03:41:19,84028.47
2025-03-23 03:41:24,84028.47
2025-03-23 03:41:30,84028.47
2025-03-23 03:41:35,84028.47
2025-03-23 03:41:40,84028.46
2025-03-23 03:41:46,84028.46
2025-03-23 03:41:51,84028.46
2025-03-23 03:41:56,84028.47
2025-03-23 03:42:02,84028.47
2025-03-23 03:42:07,84028.46
2025-03-23 03:42:13,84028.47
2025-03-23 03:42:18,84028.46
2025-03-23 03:42:24,84028.46
2025-03-23 03:42:29,84028.47
2025-03-23 03:42:35,84028.46
2025-03-23 03:42:40,84028.47
2025-03-23 03:42:46,84028.47
2025-03-23 03:42:51,84028.46
2025-03-23 03:42:56,84028.46
2025-03-23 03:43:02,84028.47
2025-03-23 03:43:07,84028.46
2025-03-23 03:43:13,84028.46
2025-03-23 03:43:18,84028.46
2025-03-23 03:43:24,84028.46
2025-03-23 03:43:29,84028.46
2025-03-23 03:43:34,84028.47
2025-03-23 03:43:40,84028.47
2025-03-23 03:43:45,84028.47
2025-03-23 03:43:51,84028.46
2025-03-23 03:43:56,84028.46
2025-03-23 03:44:02,84028.46
2025-03-23 03:44:07,84039.86
2025-03-23 03:44:13,84052.29
2025-03-23 03:44:18,84052.29
2025-03-23 03:44:24,84052.29
2025-03-23 03:44:30,84050.53
2025-03-23 03:44:37,84050.53
2025-03-23 03:44:43,84050.53
2025-03-23 03:44:48,84050.52
2025-03-23 03:44:54,84050.53
2025-03-23 03:45:00,84050.52
2025-03-23 03:45:05,84050.52
2025-03-23 03:45:11,84047.93
2025-03-23 03:45:16,84047.92
2025-03-23 03:45:22,84047.92
2025-03-23 03:45:27,84047.92
2025-03-23 03:45:33,84042.07
2025-03-23 03:45:38,84042.07
2025-03-23 03:45:44,84042.06
2025-03-23 03:45:49,84042.06
2025-03-23 03:45:55,84042.06
2025-03-23 03:46:00,84042.07
2025-03-23 03:46:05,84043.48
2025-03-23 03:46:11,84043.47
2025-03-23 03:46:16,84053.16
2025-03-23 03:46:22,84053.17
2025-03-23 03:46:27,84053.16
2025-03-23 03:46:33,84053.16
2025-03-23 03:46:38,84053.16
2025-03-23 03:46:44,84053.17
2025-03-23 03:46:49,84053.17
2025-03-23 03:46:55,84053.17
2025-03-23 03:47:00,84046.0
2025-03-23 03:47:06,84044.58
2025-03-23 03:47:11,84037.12
2025-03-23 03:47:17,84040.9
2025-03-23 03:47:22,84043.47
2025-03-23 03:47:28,84043.47
2025-03-23 03:47:33,84052.69
2025-03-23 03:47:39,84066.44
2025-03-23 03:47:44,84066.45
2025-03-23 03:47:49,84066.45
2025-03-23 03:47:56,84066.45
2025-03-23 03:48:02,84066.45
2025-03-23 03:48:07,84066.45
2025-03-23 03:48:14,84062.37
2025-03-23 03:48:20,84062.37
2025-03-23 03:48:26,84062.37
2025-03-23 03:48:33,84062.37
2025-03-23 03:48:39,84062.37
2025-03-23 03:48:46,84062.37
2025-03-23 03:48:52,84062.37
2025-03-23 03:48:57,84062.37
2025-03-23 03:49:03,84062.36
2025-03-23 03:49:08,84062.36
2025-03-23 03:49:13,84062.36
2025-03-23 03:49:18,84062.36
2025-03-23 03:49:23,84062.37
2025-03-23 03:49:29,84062.37
2025-03-23 03:49:34,84062.36
2025-03-23 03:49:39,84062.36
2025-03-23 03:49:45,84065.38
2025-03-23 03:49:50,84065.37
2025-03-23 03:49:56,84066.45
2025-03-23 03:50:02,84066.44
2025-03-23 03:50:09,84069.74
2025-03-23 03:50:14,84069.74
2025-03-23 03:50:19,84069.75
2025-03-23 03:50:26,84069.75
2025-03-23 03:50:32,84069.74
2025-03-23 03:50:38,84069.75
2025-03-23 03:50:43,84069.75
2025-03-23 03:50:49,84069.74
2025-03-23 03:50:54,84069.74
2025-03-23 03:51:00,84069.75
2025-03-23 03:51:05,84069.74
2025-03-23 03:51:10,84069.75
2025-03-23 03:51:16,84069.74
2025-03-23 03:51:21,84069.75
2025-03-23 03:51:27,84069.74
2025-03-23 03:51:32,84069.74
2025-03-23 03:51:38,84069.74
2025-03-23 03:51:43,84069.75
2025-03-23 03:51:48,84069.74
2025-03-23 03:51:54,84069.74
2025-03-23 03:51:59,84069.74
2025-03-23 03:52:04,84069.74
2025-03-23 03:52:09,84069.74
2025-03-23 03:52:14,84069.74
2025-03-23 03:52:20,84067.99
2025-03-23 03:52:25,84066.76
2025-03-23 03:52:58,84065.38
2025-03-23 03:53:04,84065.38
2025-03-23 03:53:09,84065.38
2025-03-23 03:53:15,84065.38
2025-03-23 03:53:20,84065.39
2025-03-23 03:53:25,84065.39
2025-03-23 03:53:31,84065.38
2025-03-23 03:53:36,84065.38
2025-03-23 03:53:42,84065.38
2025-03-23 03:53:47,84065.38
2025-03-23 03:53:53,84065.38
2025-03-23 03:53:58,84065.38
2025-03-23 03:54:04,84065.38
2025-03-23 03:54:09,84065.38
2025-03-23 03:54:14,84065.39
2025-03-23 03:54:20,84065.38
2025-03-23 03:54:25,84065.38
2025-03-23 03:54:31,84065.38
2025-03-23 03:54:36,84065.38
2025-03-23 03:54:42,84065.39
2025-03-23 03:54:47,84065.38
2025-03-23 03:54:53,84065.38
2025-03-23 03:54:58,84065.39
2025-03-23 03:55:04,84065.38
2025-03-23 03:55:09,84065.39
2025-03-23 03:55:15,84065.39
2025-03-23 03:55:20,84023.34
2025-03-23 03:55:26,84019.08
2025-03-23 03:55:31,84019.09
2025-03-23 03:55:36,84019.08
2025-03-23 03:55:42,84019.08
2025-03-23 03:55:47,84019.08
2025-03-23 03:55:53,84019.09
2025-03-23 03:55:58,84019.09
2025-03-23 03:56:04,84019.09
2025-03-23 03:56:09,84019.09
2025-03-23 03:56:15,84019.08
2025-03-23 03:56:20,84019.09
2025-03-23 03:56:26,84019.09
2025-03-23 03:56:31,84019.09
2025-03-23 03:56:37,84019.08
2025-03-23 03:56:42,84019.09
2025-03-23 03:56:48,84019.08
2025-03-23 03:56:53,84019.09
2025-03-23 03:56:59,84019.09
2025-03-23 03:57:04,84019.08
2025-03-23 03:57:09,84019.08
2025-03-23 03:57:15,84019.08
2025-03-23 03:57:20,84019.09
2025-03-23 03:57:26,84019.09
2025-03-23 03:57:31,84019.08
2025-03-23 03:57:36,84019.09
2025-03-23 03:57:42,84019.08
2025-03-23 03:57:47,84019.08
2025-03-23 03:57:52,84019.08
2025-03-23 03:57:58,84019.08
2025-03-23 03:58:03,84019.08
2025-03-23 03:58:10,84019.08
2025-03-23 03:58:17,84019.08
2025-03-23 03:58:23,84019.08
2025-03-23 03:58:30,84019.08
2025-03-23 03:58:37,84019.08
2025-03-23 03:58:42,84019.08
2025-03-23 03:58:48,84019.09
2025-03-23 03:58:54,84019.08
2025-03-23 03:59:00,84019.08
2025-03-23 03:59:05,84019.08
2025-03-23 03:59:11,84019.08
2025-03-23 03:59:16,84019.09
2025-03-23 03:59:22,84019.09
2025-03-23 03:59:27,84019.09
2025-03-23 03:59:33,84015.71
2025-03-23 03:59:38,84015.72
2025-03-23 03:59:44,84015.71
2025-03-23 03:59:49,84014.91
2025-03-23 03:59:55,84014.91
2025-03-23 04:00:00,84014.91
2025-03-23 04:00:06,84010.87
2025-03-23 04:00:11,84010.86
2025-03-23 04:00:17,84010.86
2025-03-23 04:00:22,84010.86
2025-03-23 04:00:28,84010.86
2025-03-23 04:00:34,84010.86
2025-03-23 04:00:40,84010.87
2025-03-23 04:00:45,84010.86
2025-03-23 04:00:51,84010.86
2025-03-23 04:00:56,84010.87
2025-03-23 04:01:02,84010.86
2025-03-23 04:01:07,84010.86
2025-03-23 04:01:13,84010.87
2025-03-23 04:01:18,84010.86
2025-03-23 04:01:23,84010.86
2025-03-23 04:01:29,84010.87
2025-03-23 04:01:34,84010.87
2025-03-23 04:01:40,84010.87
2025-03-23 04:01:45,84010.86
2025-03-23 04:01:51,84010.86
2025-03-23 04:01:56,84010.87
2025-03-23 04:02:02,84010.86
2025-03-23 04:02:07,84010.86
2025-03-23 04:02:13,84010.87
2025-03-23 04:02:18,84010.86
2025-03-23 04:02:23,84010.86
2025-03-23 04:02:29,84010.86
2025-03-23 04:02:34,84010.87
2025-03-23 04:02:40,84010.86
2025-03-23 04:02:45,84010.87
2025-03-23 04:02:51,84010.86
2025-03-23 04:02:56,84010.87
2025-03-23 04:03:02,84010.87
2025-03-23 04:03:07,84010.86
2025-03-23 04:03:13,84010.86
2025-03-23 04:03:18,84010.86
2025-03-23 04:03:23,84010.86
2025-03-23 04:03:29,84010.86
2025-03-23 04:03:34,84010.86
2025-03-23 04:03:40,84010.86
2025-03-23 04:03:45,84010.87
2025-03-23 04:03:51,84010.86
2025-03-23 04:03:56,84029.4
2025-03-23 04:04:02,84029.4
2025-03-23 04:04:07,84029.4
2025-03-23 04:04:13,84029.4
2025-03-23 04:04:18,84029.41
2025-03-23 04:04:24,84029.4
2025-03-23 04:04:29,84029.41
2025-03-23 04:04:35,84029.4
2025-03-23 04:04:40,84029.41
2025-03-23 04:04:45,84029.41
2025-03-23 04:04:51,84029.4
2025-03-23 04:04:56,84010.01
2025-03-23 04:05:02,84010.01
2025-03-23 04:05:07,84010.0
2025-03-23 04:05:13,84002.27
2025-03-23 04:05:18,84002.27
2025-03-23 04:05:24,84002.26
2025-03-23 04:05:29,84002.27
2025-03-23 04:05:35,84002.27
2025-03-23 04:05:40,84002.26
2025-03-23 04:05:45,84002.26
2025-03-23 04:05:51,84002.26
2025-03-23 04:05:56,84002.18
2025-03-23 04:06:03,83999.69
2025-03-23 04:06:09,83999.7
2025-03-23 04:06:14,83999.7
2025-03-23 04:06:20,83999.59
2025-03-23 04:06:25,83999.59
2025-03-23 04:06:30,83996.68
2025-03-23 04:06:36,83996.67
2025-03-23 04:06:41,83996.67
2025-03-23 04:06:47,83996.67
2025-03-23 04:06:52,83996.67
2025-03-23 04:06:58,83996.67
2025-03-23 04:07:03,83996.67
2025-03-23 04:07:09,83996.67
2025-03-23 04:07:14,83996.68
2025-03-23 04:07:20,83996.67
2025-03-23 04:07:25,83996.67
2025-03-23 04:07:31,83996.68
2025-03-23 04:07:36,83996.67
2025-03-23 04:07:42,83996.67
2025-03-23 04:07:47,83996.68
2025-03-23 04:07:53,83996.68
2025-03-23 04:07:58,83996.68
2025-03-23 04:08:03,83996.68
2025-03-23 04:08:09,83996.67
2025-03-23 04:08:14,83996.68
2025-03-23 04:08:20,83996.67
2025-03-23 04:08:25,83996.67
2025-03-23 04:08:31,83996.68
2025-03-23 04:08:37,83996.68
2025-03-23 04:08:42,83996.68
2025-03-23 04:08:48,83996.67
2025-03-23 04:08:53,83996.68
2025-03-23 04:08:59,83996.68
2025-03-23 04:09:04,83996.68
2025-03-23 04:09:10,83996.68
2025-03-23 04:09:15,83996.67
2025-03-23 04:09:21,83996.67
2025-03-23 04:09:26,83996.67
2025-03-23 04:09:32,83996.67
2025-03-23 04:09:37,83996.68
2025-03-23 04:09:43,83996.67
2025-03-23 04:09:49,83996.67
2025-03-23 04:09:54,83996.68
2025-03-23 04:10:00,83996.67
2025-03-23 04:10:06,83996.68
2025-03-23 04:10:11,83996.68
2025-03-23 04:10:17,83996.68
2025-03-23 04:10:22,83996.68
2025-03-23 04:10:28,83996.67
2025-03-23 04:10:34,83996.68
2025-03-23 04:10:39,83996.67
2025-03-23 04:10:45,83996.68
2025-03-23 04:10:50,83996.67
2025-03-23 04:10:56,83996.68
2025-03-23 04:11:02,83992.5
2025-03-23 04:11:07,83992.51
2025-03-23 04:11:13,83992.51
2025-03-23 04:11:18,83992.5
2025-03-23 04:11:24,83992.5
2025-03-23 04:11:30,83992.51
2025-03-23 04:11:36,83992.51
2025-03-23 04:11:42,83992.51
2025-03-23 04:11:47,83996.67
2025-03-23 04:11:53,83996.68
2025-03-23 04:11:58,83996.67
2025-03-23 04:12:04,83996.67
2025-03-23 04:12:10,83996.68
2025-03-23 04:12:15,83996.68
2025-03-23 04:12:21,83996.67
2025-03-23 04:12:26,83996.67
2025-03-23 04:12:32,83996.67
2025-03-23 04:12:38,83996.67
2025-03-23 04:12:43,83996.67
2025-03-23 04:12:49,83996.68
2025-03-23 04:12:54,83996.67
2025-03-23 04:13:00,83996.68
2025-03-23 04:13:06,83996.68
2025-03-23 04:13:11,83996.67
2025-03-23 04:13:16,83996.67
2025-03-23 04:13:24,83996.68
2025-03-23 04:13:29,84010.86
2025-03-23 04:13:34,84010.87
2025-03-23 04:13:39,84016.2
2025-03-23 04:13:45,84016.19
2025-03-23 04:13:52,84016.2
2025-03-23 04:13:59,84019.6
2025-03-23 04:14:05,84019.6
2025-03-23 04:14:10,84019.6
2025-03-23 04:14:16,84019.59
2025-03-23 04:14:21,84019.6
2025-03-23 04:14:27,84019.6
2025-03-23 04:14:33,84019.6
2025-03-23 04:14:38,84019.6
2025-03-23 04:14:44,84019.6
2025-03-23 04:14:49,84019.6
2025-03-23 04:14:55,84019.59
2025-03-23 04:15:01,84011.72
2025-03-23 04:15:06,83994.11
2025-03-23 04:15:12,83993.88
2025-03-23 04:15:19,83993.89
2025-03-23 04:15:25,83993.89
2025-03-23 04:15:30,83993.88
2025-03-23 04:15:37,83993.89
2025-03-23 04:15:43,83993.88
2025-03-23 04:15:50,83993.89
2025-03-23 04:15:55,83993.88
2025-03-23 04:16:01,83993.89
2025-03-23 04:16:06,83993.89
2025-03-23 04:16:12,83993.88
2025-03-23 04:16:17,83993.88
2025-03-23 04:16:23,83997.85
2025-03-23 04:16:29,83997.84
2025-03-23 04:16:34,83997.85
2025-03-23 04:16:43,83997.85
2025-03-23 04:16:49,83994.84
2025-03-23 04:16:56,83994.84
2025-03-23 04:17:02,83994.84
2025-03-23 04:17:07,83994.83
2025-03-23 04:17:13,83994.83
2025-03-23 04:17:18,83994.84
2025-03-23 04:17:25,83994.83
2025-03-23 04:17:30,83980.1
2025-03-23 04:17:36,83980.1
2025-03-23 04:17:43,83980.09
2025-03-23 04:17:48,83980.1
2025-03-23 04:17:54,83980.09
2025-03-23 04:18:00,83980.09
2025-03-23 04:18:05,83980.1
2025-03-23 04:18:11,83980.1
2025-03-23 04:18:16,83980.1
2025-03-23 04:18:22,83980.09
2025-03-23 04:18:27,83980.1
2025-03-23 04:18:33,83980.09
2025-03-23 04:18:39,83980.09
2025-03-23 04:18:44,83980.1
2025-03-23 04:18:50,83980.11
2025-03-23 04:18:55,83980.11
2025-03-23 04:19:01,83980.11
2025-03-23 04:19:06,83980.11
2025-03-23 04:19:12,83980.11
2025-03-23 04:19:17,83980.1
2025-03-23 04:19:23,83980.1
2025-03-23 04:19:28,83980.1
2025-03-23 04:19:34,83980.11
2025-03-23 04:19:39,83980.1
2025-03-23 04:19:45,83980.11
2025-03-23 04:19:50,83980.1
2025-03-23 04:19:56,83983.28
2025-03-23 04:20:01,83993.0
2025-03-23 04:20:07,83993.0
2025-03-23 04:20:12,83992.99
2025-03-23 04:20:18,83992.99
2025-03-23 04:20:23,83993.0
2025-03-23 04:20:29,83993.0
2025-03-23 04:20:35,83993.0
2025-03-23 04:20:40,83992.99
2025-03-23 04:20:46,83992.99
2025-03-23 04:20:51,83992.99
2025-03-23 04:20:57,83993.0
2025-03-23 04:21:02,83993.0
2025-03-23 04:21:08,83969.61
2025-03-23 04:21:13,83960.01
2025-03-23 04:21:19,83960.0
2025-03-23 04:21:24,83958.83
2025-03-23 04:21:30,83958.82
2025-03-23 04:21:35,83958.83
2025-03-23 04:21:41,83958.82
2025-03-23 04:21:46,83958.83
2025-03-23 04:21:52,83958.83
2025-03-23 04:21:57,83958.82
2025-03-23 04:22:03,83958.82
2025-03-23 04:22:08,83958.82
2025-03-23 04:22:14,83958.82
2025-03-23 04:22:19,83958.82
2025-03-23 04:22:25,83958.82
2025-03-23 04:22:30,83958.83
2025-03-23 04:22:36,83958.83
2025-03-23 04:22:41,83958.83
2025-03-23 04:22:47,83958.82
2025-03-23 04:22:52,83958.82
2025-03-23 04:22:58,83958.82
2025-03-23 04:23:04,83958.82
2025-03-23 04:23:10,83958.83
2025-03-23 04:23:16,83958.83
2025-03-23 04:23:23,83958.83
2025-03-23 04:23:29,83958.82
2025-03-23 04:23:35,83958.82
2025-03-23 04:23:41,83958.82
2025-03-23 04:23:47,83958.82
2025-03-23 04:23:53,83958.82
2025-03-23 04:23:59,83958.82
2025-03-23 04:24:06,83958.82
2025-03-23 04:24:12,83958.82
2025-03-23 04:24:18,83962.81
2025-03-23 04:24:24,83962.81
2025-03-23 04:24:30,83962.81
2025-03-23 04:24:35,83962.81
2025-03-23 04:24:41,83962.81
2025-03-23 04:24:46,83962.82
2025-03-23 04:24:52,83962.81
2025-03-23 04:24:58,83962.82
2025-03-23 04:25:04,83962.81
2025-03-23 04:25:10,83962.82
2025-03-23 04:25:16,83961.39
2025-03-23 04:25:21,83961.39
2025-03-23 04:25:27,83961.39
2025-03-23 04:25:32,83961.39
2025-03-23 04:25:38,83961.38
2025-03-23 04:25:43,83961.38
2025-03-23 04:25:49,83961.38
2025-03-23 04:25:54,83961.39
2025-03-23 04:26:00,83961.38
2025-03-23 04:26:05,83961.38
2025-03-23 04:26:11,83961.38
2025-03-23 04:26:16,83961.39
2025-03-23 04:26:22,83961.38
2025-03-23 04:26:27,83961.39
2025-03-23 04:26:33,83961.38
2025-03-23 04:26:38,83961.38
2025-03-23 04:26:45,83961.39
2025-03-23 04:26:51,83961.38
2025-03-23 04:26:56,83961.39
2025-03-23 04:27:02,83961.39
2025-03-23 04:27:07,83961.38
2025-03-23 04:27:13,83961.38
2025-03-23 04:27:18,83961.39
2025-03-23 04:27:24,83961.38
2025-03-23 04:27:29,83961.39
2025-03-23 04:27:35,83961.38
2025-03-23 04:27:40,83961.39
2025-03-23 04:27:45,83961.39
2025-03-23 04:27:51,83961.39
2025-03-23 04:27:56,83961.38
2025-03-23 04:28:03,83961.38
2025-03-23 04:28:09,83961.39
2025-03-23 04:28:16,83961.38
2025-03-23 04:28:22,83961.38
2025-03-23 04:28:29,83961.39
2025-03-23 04:28:35,83961.39
2025-03-23 04:28:42,83961.39
2025-03-23 04:28:48,83961.38
2025-03-23 04:28:54,83961.39
2025-03-23 04:29:01,83961.39
2025-03-23 04:29:07,83961.38
2025-03-23 04:29:12,83961.39
2025-03-23 04:29:19,83961.39
2025-03-23 04:29:26,83961.39
2025-03-23 04:29:32,83961.38
2025-03-23 04:29:37,83961.39
2025-03-23 04:29:43,83961.38
2025-03-23 04:29:48,83961.38
2025-03-23 04:29:54,83961.38
2025-03-23 04:29:59,83961.39
2025-03-23 04:30:05,83961.39
2025-03-23 04:30:10,83961.38
2025-03-23 04:30:16,83961.39
2025-03-23 04:30:21,83961.39
2025-03-23 04:30:27,83961.39
2025-03-23 04:30:32,83961.38
2025-03-23 04:30:38,83961.39
2025-03-23 04:30:43,83961.38
2025-03-23 04:30:50,83961.39
2025-03-23 04:30:56,83961.38
2025-03-23 04:31:01,83961.39
2025-03-23 04:31:07,83961.38
2025-03-23 04:31:12,83961.39
2025-03-23 04:31:18,83961.38
2025-03-23 04:31:23,83961.39
2025-03-23 04:31:29,83961.38
2025-03-23 04:31:34,83961.39
2025-03-23 04:31:40,83961.38
2025-03-23 04:31:45,83961.39
2025-03-23 04:31:51,83961.39
2025-03-23 04:31:56,83961.39
2025-03-23 04:32:02,83961.39
2025-03-23 04:32:07,83961.38
2025-03-23 04:32:13,83957.95
2025-03-23 04:32:19,83957.96
2025-03-23 04:32:24,83957.96
2025-03-23 04:32:30,83957.95
2025-03-23 04:32:36,83957.96
2025-03-23 04:32:41,83957.95
2025-03-23 04:32:47,83957.95
2025-03-23 04:32:54,83956.95
2025-03-23 04:33:00,83956.96
2025-03-23 04:33:05,83956.96
2025-03-23 04:33:11,83956.88
2025-03-23 04:33:16,83956.88
2025-03-23 04:33:22,83932.34
2025-03-23 04:33:28,83932.33
2025-03-23 04:33:33,83932.33
2025-03-23 04:33:39,83932.33
2025-03-23 04:33:44,83932.33
2025-03-23 04:33:50,83932.34
2025-03-23 04:33:55,83932.33
2025-03-23 04:34:01,83930.74
2025-03-23 04:34:07,83930.73
2025-03-23 04:34:12,83930.73
2025-03-23 04:34:18,83930.74
2025-03-23 04:34:23,83930.73
2025-03-23 04:34:29,83930.73
2025-03-23 04:34:34,83930.73
2025-03-23 04:34:40,83930.73
2025-03-23 04:34:46,83926.57
2025-03-23 04:34:51,83926.56
2025-03-23 04:34:57,83926.55
2025-03-23 04:35:02,83919.23
2025-03-23 04:35:08,83904.51
2025-03-23 04:35:13,83900.01
2025-03-23 04:35:21,83900.01
2025-03-23 04:35:26,83900.01
2025-03-23 04:35:32,83900.01
2025-03-23 04:35:37,83900.01
2025-03-23 04:35:43,83900.01
2025-03-23 04:35:48,83888.01
2025-03-23 04:35:54,83888.01
2025-03-23 04:36:00,83888.01
2025-03-23 04:36:05,83888.0
2025-03-23 04:36:11,83888.01
2025-03-23 04:36:16,83888.01
2025-03-23 04:36:22,83899.2
2025-03-23 04:36:28,83899.19
2025-03-23 04:36:33,83899.2
2025-03-23 04:36:39,83871.0
2025-03-23 04:36:44,83863.63
2025-03-23 04:36:50,83857.1
2025-03-23 04:36:56,83859.63
2025-03-23 04:37:01,83872.0
2025-03-23 04:37:07,83873.82
2025-03-23 04:37:12,83873.83
2025-03-23 04:37:18,83873.82
2025-03-23 04:37:23,83873.83
2025-03-23 04:37:29,83872.29
2025-03-23 04:37:35,83862.83
2025-03-23 04:37:40,83862.82
2025-03-23 04:37:46,83852.61
2025-03-23 04:37:51,83845.8
2025-03-23 04:37:57,83845.8
2025-03-23 04:38:03,83845.81
2025-03-23 04:38:08,83845.39
2025-03-23 04:38:14,83845.3
2025-03-23 04:38:20,83845.12
2025-03-23 04:38:25,83845.12
2025-03-23 04:38:31,83845.12
2025-03-23 04:38:36,83848.69
2025-03-23 04:38:42,83851.89
2025-03-23 04:38:49,83851.88
2025-03-23 04:38:54,83851.89
2025-03-23 04:39:02,83862.82
2025-03-23 04:39:07,83871.04
2025-03-23 04:39:13,83871.04
2025-03-23 04:39:18,83875.2
2025-03-23 04:39:26,83877.88
2025-03-23 04:39:31,83877.88
2025-03-23 04:39:37,83877.87
2025-03-23 04:39:42,83877.88
2025-03-23 04:39:48,83877.88
2025-03-23 04:39:55,83877.87
2025-03-23 04:40:02,83877.87
2025-03-23 04:40:08,83877.87
2025-03-23 04:40:15,83877.88
2025-03-23 04:40:22,83877.88
2025-03-23 04:40:28,83877.87
2025-03-23 04:40:34,83877.88
2025-03-23 04:40:41,83877.88
2025-03-23 04:40:47,83877.87
2025-03-23 04:40:53,83877.87
2025-03-23 04:40:59,83877.88
2025-03-23 04:41:04,83877.88
2025-03-23 04:41:10,83877.88
2025-03-23 04:41:15,83877.87
2025-03-23 04:41:21,83877.87
2025-03-23 04:41:27,83877.87
2025-03-23 04:41:32,83877.87
2025-03-23 04:41:38,83877.88
2025-03-23 04:41:44,83877.88
2025-03-23 04:41:50,83888.23
2025-03-23 04:41:56,83892.52
2025-03-23 04:42:01,83892.51
2025-03-23 04:42:07,83894.01
2025-03-23 04:42:12,83894.01
2025-03-23 04:42:20,83894.02
2025-03-23 04:42:25,83894.01
2025-03-23 04:42:31,83894.01
2025-03-23 04:42:36,83894.02
2025-03-23 04:42:42,83894.01
2025-03-23 04:42:48,83894.01
2025-03-23 04:42:53,83894.02
2025-03-23 04:42:59,83894.01
2025-03-23 04:43:04,83894.02
2025-03-23 04:43:10,83894.02
2025-03-23 04:43:15,83894.01
2025-03-23 04:43:23,83894.01
2025-03-23 04:43:28,83894.02
2025-03-23 04:43:34,83884.53
2025-03-23 04:43:40,83884.54
2025-03-23 04:43:45,83880.81
2025-03-23 04:43:51,83880.82
2025-03-23 04:43:57,83880.82
2025-03-23 04:44:02,83880.81
2025-03-23 04:44:08,83880.82
2025-03-23 04:44:14,83884.54
2025-03-23 04:44:19,83884.53
2025-03-23 04:44:25,83884.54
2025-03-23 04:44:34,83875.75
2025-03-23 04:44:40,83875.75
2025-03-23 04:44:45,83875.18
2025-03-23 04:44:51,83870.77
2025-03-23 04:44:57,83870.78
2025-03-23 04:45:02,83870.78
2025-03-23 04:45:08,83887.55
2025-03-23 04:45:13,83890.95
2025-03-23 04:45:19,83890.95
2025-03-23 04:45:27,83899.99
2025-03-23 04:45:32,83899.99
2025-03-23 04:45:38,83900.0
2025-03-23 04:45:43,83906.49
2025-03-23 04:45:49,83909.24
2025-03-23 04:45:54,83923.31
2025-03-23 04:46:00,83930.0
2025-03-23 04:46:06,83929.99
2025-03-23 04:46:11,83930.0
2025-03-23 04:46:17,83929.99
2025-03-23 04:46:23,83930.0
2025-03-23 04:46:28,83930.0
2025-03-23 04:46:34,83930.0
2025-03-23 04:46:39,83929.99
2025-03-23 04:46:44,83930.0
2025-03-23 04:46:50,83929.99
2025-03-23 04:46:55,83930.0
2025-03-23 04:47:01,83930.0
2025-03-23 04:47:06,83926.68
2025-03-23 04:47:12,83926.68
2025-03-23 04:47:17,83906.49
2025-03-23 04:47:24,83906.49
2025-03-23 04:47:29,83906.29
2025-03-23 04:47:35,83901.69
2025-03-23 04:47:40,83901.69
2025-03-23 04:47:46,83901.69
2025-03-23 04:47:51,83901.69
